id;user_id;created_at;updated_at
0c4a01c9-4928-4b7b-ae2d-c1a939b89abd;a9d1da9a-12d6-4eaa-b995-a82b99ab147b;2023-04-25T11:42:46;2023-04-25T21:31:55
d99a000b-be91-4a19-84c0-44aa143f9247;04232fd8-cd75-47e5-b706-300f48c0d706;2023-04-25T13:07:17;2023-04-26T03:12:56
46869523-20e9-45c1-a7c7-76e74720d906;b1abefa9-11b4-470a-b2a8-0f493256c886;2023-04-25T15:25:49;2023-04-25T22:22:42
37c744b8-4533-4338-81a7-d11515f43e11;ddabe516-b8b8-4a70-ae32-e0d6e7177301;2023-04-25T09:19:27;2023-04-25T19:02:46
5ff89291-958f-4064-bd32-e47e7af90c56;21ac7c93-7557-4c04-ab3f-48755fc4fc43;2023-04-25T19:42:05;2023-04-25T09:03:24
62799c1c-28e7-4f1f-b8bd-1138b8f6c8db;069354f5-151a-41f8-bf01-51218d44155b;2023-04-25T13:53:39;2023-04-25T10:19:53
4bad5008-a862-43b0-a359-1ec0d22de31d;158981b0-a20b-473d-b402-74bff83383e5;2023-04-25T11:29:54;2023-04-25T16:52:14
a88f5f8a-26f8-4229-8087-2b38f4cdc447;a218ea52-916a-4f6b-ab3a-22d92a55fff1;2023-04-26T00:47:07;2023-04-25T19:53:05
56509e93-52dc-4dc3-acab-74f0ee357f08;d8c3edb3-7fd1-4c6d-8a3e-f237fea14864;2023-04-25T19:18:36;2023-04-25T21:24:04
40fee203-3162-4614-b9b2-6871b243aa51;fbac91a6-9516-4612-ad03-7f403379c831;2023-04-25T16:30:27;2023-04-25T16:03:08
